song_name,preference_true,preference_pred
Chapter 108.2 & Chapter 109.1 - Sprawy Sherlocka Holmesa,0,0.0
...___FEVER 333,1,1.0
When a Gypsy Makes a Violin Cry,0,1.0
Jazz Lips,0,0.0
It's Complicated___A Day To Remember,1,1.0
Chapter 6.2 & Chapter 7 & Chapter 8.1 - Sprawy Sherlocka Holmesa,0,0.0
Sol Mio - Remasterizado,0,0.0
Sundown Blues - Remastered,0,0.0
Out Of Style___Limp Bizkit,1,1.0
Bawitdaba___Kid Rock,1,1.0
It Had To Be You,0,0.0
Kapitel 236 - Der Page und die Herzogin,0,0.0
The Watcher___Arch Enemy,1,1.0
Chapter 1.11 - Zamek kaniowski,0,0.0
Qwerty___Mushroomhead,1,1.0
Heat Wave,0,0.0
Hot Aire,0,0.0
City Of Ocala___A Day To Remember,1,1.0
War Eternal___Arch Enemy,1,1.0
Hardcore___Beast In Black,1,1.0
Se Acabaron los Otarios - Remasterizado,0,0.0
Chapter 19.2 & Chapter 20.1 - Dolina strachu,0,0.0
El Serrucho - Remasterizado,0,0.0
Глава 4. Часть 1.11 - Кюхля,0,0.0
El Viejo Tango - Instrumental (Remasterizado),0,0.0
Night Terrors___Currents,1,1.0
Azucena - Remasterizado,0,0.0
The Chapeltown Rag___Slipknot,1,1.0
Everybody's Fool___Evanescence,1,1.0
in the morning___Ichika Nito,1,1.0
Kapitel 165 - Der Page und die Herzogin,0,0.0
Todo Mia - Remasterizado,0,0.0
Lost In Doubt___Fame on Fire,1,1.0
La Violetera - Instrumental (Remasterizado 2018),0,0.0
Last Night I Dreamed You Kissed Me,0,0.0
Muñeca de Carne - Remasterizado,0,0.0
Knockin' On Heaven's Door___Guns N' Roses,1,1.0
Chapter 59.2 & Chapter 60.1 - Sprawy Sherlocka Holmesa,0,0.0
Chapter 6.14 - Król Maciuś na wyspie bezludnej,0,0.0
Acordes - Remasterizado,0,0.0
Kapitel 300 - Der Page und die Herzogin,0,0.0
Chapter 7.9 - Król Maciuś na wyspie bezludnej,0,0.0
Oh París - Remasterizado,0,0.0
Sueño Florido - Instrumental (Remasterizado),0,0.0
Keyhole Blues,0,0.0
Bury Your Pain___Like Moths To Flames,1,1.0
Letter To Dana___Sonata Arctica,1,1.0
Old Grand Dad,0,0.0
Chapter 1.12 - Zamek kaniowski,0,0.0
Marta,0,0.0
Guitar Gangsters & Cadillac Blood___Volbeat,1,1.0
Trouble Will Soon Be Over,0,0.0
Bitter End___Fit For A King,1,1.0
Chapter 23.2 & Chapter 24.1 - Sprawy Sherlocka Holmesa,0,0.0
María - Remasterizado,0,0.0
Chapter 8.15 - Król Maciuś Pierwszy,0,0.0
Already Numb___Dayseeker,1,1.0
Kapitel 46 - Der Page und die Herzogin,0,0.0
Soft Lights and Sweet Music,0,0.0
Los Burros - Remasterizado,0,0.0
Capítulo 1.4 - la Casa Maldita,0,0.0
Kapitel 257 - Der Page und die Herzogin,0,0.0
Lauros y Glorias - Remasterizado,0,0.0
1985___Bowling For Soup,1,1.0
Kapitel 411 - Der Page und die Herzogin,0,0.0
"Faust, Acte 3, Scène Et Duo Du Jardin (3ème Partie): ""Marguerite! Ah! Partez!""",0,0.0
A Monday Date,0,0.0
Fat Lip___Sum 41,1,1.0
Глава 7. Часть 2.5 - Кюхля,0,0.0
Suffocating Sight___Trivium,1,1.0
Today is Gonna be a Great Day - Theme Song to Phineas and Ferb___Bowling For Soup,1,1.0
Kapitel 413 - Der Page und die Herzogin,0,0.0
Needful Things___Stray From The Path,1,1.0
Did You Spend Christmas Day in Jail?,0,0.0
Kapitel 82 - Der Page und die Herzogin,0,0.0
Thousandfold___Eluveitie,1,1.0
All That Meat And No Potatoes,0,0.0
Глава 1.3 - Кюхля,0,0.0
Tradición - Remasterizado,0,0.0
Electric Gypsy___L.A. Guns,1,1.0
With You___Linkin Park,1,1.0
Kapitel 197 - Der Page und die Herzogin,0,0.0
We Become The Night___Motionless In White,1,1.0
Amapola - Instrumental (Remasterizado),0,0.0
Глава 6.10 - Кюхля,0,0.0
Skye___Bleed From Within,1,1.0
Chapter 1.10 - Król Maciuś na wyspie bezludnej,0,0.0
"Chopin: Nocturne No. 14 in F-Sharp Minor, Op. 48 No. 2",0,0.0
King for a Day___Battle Beast,1,1.0
Chapter 2.5 - Król Maciuś na wyspie bezludnej,0,0.0
Smoke Signals___NOVELISTS,1,1.0
Savoy Blues,0,0.0
Mercy___Sylosis,1,1.0
Gitanilla - Instrumental (Remasterizado),0,0.0
Irish Black Bottom,0,0.0
xo___Emarosa,1,1.0
Bankrupt___Silverstein,1,1.0
Chapter 34 - The Unlit Lamp,0,0.0
November Rain___Guns N' Roses,1,1.0
Pillerias - Remasterizado,0,0.0
flowers___Ichika Nito,1,1.0
Barrio Reo - Remasterizado,0,0.0
Chapter 182 - The Unlit Lamp,0,0.0
Reincarnation___Beyond The Black,1,1.0
¿Cuando Volverás? - Remasterizado,0,0.0
Away Out On the Mountain,0,1.0
Papercut - Live at BBC1___Linkin Park,1,1.0
Глава 10. Часть 2.4 - Кюхля,0,0.0
Right Through Me___The Home Team,1,1.0
Dead By Daylight___The Dead Rabbitts,1,1.0
Careful What You Wish For___Bad Omens,1,1.0
"Chopin: Nocturne No. 12 in G Major, Op. 37 No. 2",0,0.0
Chapter 70.2 & Chapter 71.1 - Sprawy Sherlocka Holmesa,0,0.0
Trigueñita - Remasterizado,0,0.0
What It Cost___Bad Omens,1,1.0
Kapitel 323 - Der Page und die Herzogin,0,0.0
Sing For The Moment___Eminem,1,1.0
Head Like A Hole___Nine Inch Nails,1,1.0
Faint___Linkin Park,1,1.0
En la Cortada - Remasterizado,0,0.0
Kapitel 406 - Der Page und die Herzogin,0,0.0
Goodnight Alt-Right___Stray From The Path,1,1.0
Our Song___Silverstein,1,1.0
Disco Miniature Golfing Queen___Laura Dickinson,1,1.0
You Must Be Losing Your Mind,0,0.0
Masochist - Instrumental___Polaris,1,1.0
Grato Recuerdo - Remasterizado,0,0.0
What's New Scooby-Doo?___Simple Plan,1,1.0
Clavelito - Instrumental (Remasterizado),0,0.0
Numb Little Bug___Em Beihold,1,1.0
Глава 4. Часть 2.9 - Кюхля,0,0.0
Chapter 156 - The Unlit Lamp,0,0.0
When It's Sleepy Time Down South - Live,0,0.0
Muggles,0,0.0
Better Than Me___Hinder,1,1.0
Bathroom Wall___Faster Pussycat,1,1.0
Alma Tanguera - Remasterizado,0,0.0
Carmen : Acte I - Avec la garde montante (Choeur des gamins),0,0.0
Up Jumped You With Love,0,0.0
The Deceived___Trivium,1,1.0
Apex___Unleash The Archers,1,1.0
Born For One Thing___Gojira,1,1.0
Until The End___Breaking Benjamin,1,1.0
Capítulo 1.14 - Banquero Anarquista,0,0.0
Gitchee Gitchee Goo___Phineas and the Ferbtones,1,1.0
Heebie Jeebies,0,0.0
Anthem of Our Dying Day___Story Of The Year,1,1.0
Ave Maria,0,0.0
My Curse___Killswitch Engage,1,1.0
I Will Not Reap Destruction___We Came As Romans,1,1.0
Imagination,0,0.0
My Friends Over You___New Found Glory,1,1.0
Глава 6.12 - Кюхля,0,0.0
Глава 3. Часть 1.11 - Кюхля,0,0.0
The Hardest Part Is Forgetting Those You Swore You Would Never Forget___Being As An Ocean,1,1.0
Comatose___Skillet,1,1.0
La Java - Remasterizado,0,0.0
ENDLESS RAIN - Remaster___X JAPAN,1,1.0
We Made You___Eminem,1,1.0
Murió de Amor - Instrumental (Remasterizado),0,0.0
Chapter 2.13 - Król Maciuś Pierwszy,0,0.0
A Drunkard's Child,0,0.0
Глава 11. Часть 1.8 - Кюхля,0,0.0
Slaughterhouse (feat. Bryan Garris Of Knocked Loose)___Motionless In White,1,1.0
La Maestrita - Remasterizado,0,0.0
Kapitel 164 - Der Page und die Herzogin,0,0.0
Mr. Jelly Lord,0,0.0
Kapitel 170 - Der Page und die Herzogin,0,0.0
Melancholy,0,0.0
Canaro en París - Remasterizado,0,0.0
Kapitel 306 - Der Page und die Herzogin,0,0.0
Llora Hermano - Instrumental (Remasterizado),0,0.0
Radio (feat. Jesse Barnett)___Stray From The Path,1,1.0
Глава 7. Часть 1.5 - Кюхля,0,0.0
Might Be Right___White Reaper,1,1.0
Capítulo 2.5 - Corto Viaje a Casa,0,0.0
Sorry,0,0.0
Soil II___Counterparts,1,1.0
Photograph___Nickelback,1,1.0
Глава 11. Часть 2.2 - Кюхля,0,0.0
Wound___Varials,1,1.0
It Lives In Me___Bleed From Within,1,1.0
Capítulo 1.22 - Banquero Anarquista,0,0.0
I Would Get Lost in You Forever If You'd Let Me___NOMVDIC,1,1.0
The Real You___Dragged Under,1,1.0
Глава 2. Часть 1.11 & Глава 2. Часть 2.1 - Кюхля,0,0.0
El Triunfo - Instrumental (Remasterizado),0,0.0
Chapter 4.2 & Chapter 5.1 - Sprawy Sherlocka Holmesa,0,0.0
Potato Head Blues,0,0.0
Frisco Whistle Blue,0,0.0
The Way You Like It___Adema,1,1.0
Chapter 113.2 & Chapter 114.1 - Sprawy Sherlocka Holmesa,0,0.0
Carefully // Caged___VCTMS,1,1.0
Chapter 9.4 - Król Maciuś Pierwszy,0,0.0
Remember the Name (feat. Styles of Beyond)___Fort Minor,1,1.0
Relapse___Wage War,1,1.0
Heather___Windrunner,1,1.0
Aime Moi Emma,0,0.0
Telomeres___Sleep Token,1,1.0
Kapitel 184 - Der Page und die Herzogin,0,0.0
Hate Me___Children Of Bodom,1,1.0
Sundress___State Champs,1,1.0
21 Guns___Green Day,1,1.0
I've Got The World On A String,0,0.0
J'en Ai Marre,0,0.0
"Hi Diddle, Diddle - Instrumental (Remasterizado)",0,0.0
Dear Agony___Breaking Benjamin,1,1.0
Carrion___Parkway Drive,1,1.0
En Aquel Cuartito - Remasterizado,0,0.0
I Will Build You a Rome___Cain's Offering,1,1.0
Ensueño de Oro - Remasterizado,0,0.0
Counting Worms___Knocked Loose,1,1.0
Chapter 64 - The Unlit Lamp,0,0.0
Chapter 3.20 & Chapter 4.1 - Król Maciuś Pierwszy,0,0.0
Si Vous N'aimez Pas Ca,0,0.0
Apotheosis___Lorna Shore,1,1.0
The Resistance___Fit For A King,1,1.0
Frontiers___Omnium Gatherum,1,1.0
Porque - Remasterizado,0,0.0
Love You to Death___Kamelot,1,1.0
My Demon___Points of Conception,1,1.0
Pata de Palo - Remasterizado,0,0.0
"Come Back, Sweet Papa",0,0.0
Глава 11. Часть 1.9 - Кюхля,0,0.0
Kapitel 1 - Der Page und die Herzogin,0,0.0
Silent Scream___Slayer,1,1.0
Près De Toi Ma Brune,0,0.0
Ca C'est Gentil Ca C'est Pas Mal,0,0.0
Chapter 51.2 & Chapter 52 & Chapter 53.1 - Dolina strachu,0,0.0
Wastelands___Linkin Park,1,1.0
Brompton Cocktail___Avenged Sevenfold,1,1.0
Capítulo 2.25 - Banquero Anarquista,0,0.0
Right Side Of The Bed___Atreyu,1,1.0
Sidewalk Blues - 1990 Remastered - Take 2,0,0.0
"Sugar, We're Goin Down___Fall Out Boy",1,1.0
Kapitel 119 - Der Page und die Herzogin,0,0.0
West End Blues,0,0.0
Kapitel 259 - Der Page und die Herzogin,0,0.0
Mimosita - Remasterizado,0,0.0
HF V CMV.Iii,0,1.0
Kapitel 322 - Der Page und die Herzogin,0,0.0
People = Shit___Slipknot,1,1.0
Black Bottom Stomp,0,0.0
Capítulo 2.5 - Banquero Anarquista,0,0.0
Is It Really You?___Sleep Token,1,0.0
Anaesthetist___Enter Shikari,1,1.0
White Nile___Born Of Osiris,1,1.0
Kapitel 59 - Der Page und die Herzogin,0,0.0
Unwavering Vow___Counterparts,1,1.0
Fuck Around and Find Out (feat. $NOT)___Polyphia,1,1.0
Naughty Man,0,0.0
Tout Doucement À Pas De Loup,0,0.0
Penas de Arrabal - Remasterizado,0,0.0
Follow The Reaper___Children Of Bodom,1,1.0
Somebody else.___Bad Omens,1,1.0
Capítulo 2.12 - Corto Viaje a Casa,0,0.0
Too Busy,0,0.0
Ethereal Feel___Ichika Nito,1,0.0
(I'll Be Glad When You're Dead) You Rascal You,0,0.0
Strike of the Beast___Exodus,1,1.0
Parachute___Neck Deep,1,1.0
grayout___thrown,1,1.0
Chapter 257.2 & Chapter 258.1 - Sprawy Sherlocka Holmesa,0,0.0
Caferata - Instrumental (Remasterizado),0,0.0
Глава 3. Часть 1.9 - Кюхля,0,0.0
Our Love Was Meant to Be,0,0.0
Chapter 2.19 - Król Maciuś Pierwszy,0,0.0
Chapter 175.2 & Chapter 176.1 - Sprawy Sherlocka Holmesa,0,0.0
Black Beauty,0,0.0
Fiend___Coal Chamber,1,1.0
Purity___VEXED,1,1.0
Comandante Franco - Remasterizado,0,0.0
Глава 9. Часть 1.10 - Кюхля,0,0.0
Torque Soul___Rob Scallon,1,1.0
Wasted Age___We Came As Romans,1,1.0
Peace Sells - Remastered___Megadeth,1,1.0
Kapitel 399 - Der Page und die Herzogin,0,0.0
South Of One___Varials,1,1.0
Chapter Four___Avenged Sevenfold,1,1.0
Main Theme___Galactic Empire,1,0.0
Moneda Falsa - Remasterizado,0,0.0
La Canción del Huérfano - Remasterizado,0,0.0
Dry Bones - 2020 Remaster,0,0.0
Wild Side___Mötley Crüe,1,1.0
Kapitel 397 - Der Page und die Herzogin,0,0.0
Skip The Gutter,0,0.0
Enemy___ichikoro,1,1.0
Kapitel 49 - Der Page und die Herzogin,0,0.0
Chapter 4.17 - Król Maciuś na wyspie bezludnej,0,0.0
"Chopin: Nocturne No. 4 in F Major, Op. 15 No. 1",0,0.0
Gambler's Dream,0,0.0
Pelele - Remasterizado,0,0.0
Lightning Strikes___Ozzy Osbourne,1,1.0
Chapter 122 - The Unlit Lamp,0,0.0
Don Juan Malevo - Instrumental (Remasterizado),0,0.0
T.N.T.___AC/DC,1,1.0
Chicago Breakdown,0,0.0
Lady of the Evening,0,0.0
Mi Noche Alegre - Remasterizado,0,0.0
Lejanía - Instrumental (Remasterizado),0,0.0
Sol Absentia___ERRA,1,1.0
From Hell with Love___Beast In Black,1,1.0
Veracruz - Remasterizado,0,0.0
Kapitel 41 - Der Page und die Herzogin,0,0.0
Kapitel 266 - Der Page und die Herzogin,0,0.0
De Buena Fe - Instrumental (Remasterizado),0,0.0
Chapter 62.2 & Chapter 63.1 - Sprawy Sherlocka Holmesa,0,0.0
Cœur de Parisienne,0,0.0
Chapter 5.8 - Król Maciuś Pierwszy,0,0.0
Silence the Echo___Born Of Osiris,1,1.0
We'll Be Free___Moonlight Haze,1,1.0
Chapter 253.2 & Chapter 254.1 - Sprawy Sherlocka Holmesa,0,0.0
Angels Don't Kill___Children Of Bodom,1,1.0
The Cat - Instrumental (Remasterizado),0,0.0
Chrono - Live___The Ghost Inside,1,1.0
Cake Walking Babies (From Home),0,0.0
Fiscal Firetruck,0,1.0
El Patotero Sentimental - Remasterizado,0,0.0
If a God Can Bleed___Parkway Drive,1,1.0
Il M'a Vue Nue,0,0.0
Chapter 129 - The Unlit Lamp,0,0.0
Siga el Corso - Remasterizado,0,0.0
Mercy - Live___The Ghost Inside,1,1.0
La Villette,0,0.0
Daddy and Home,0,1.0
Chapter 163 - The Unlit Lamp,0,0.0
Глава 8. Часть 1.5 - Кюхля,0,0.0
Kapitel 166 - Der Page und die Herzogin,0,0.0
Trilogy Suite Op: 5___Yngwie Malmsteen,1,1.0
I Hurt___Children Of Bodom,1,1.0
Глава 11. Часть 1.3 - Кюхля,0,0.0
Chapter 1.18 - Król Maciuś Pierwszy,0,0.0
This Fire___Killswitch Engage,1,1.0
Chapter 8.13 - Król Maciuś na wyspie bezludnej,0,0.0
Tinder 101___7UPPERCUTS,1,0.0
Глава 2. Часть 2.6 - Кюхля,0,0.0
Around the World and Back___State Champs,1,1.0
I Wanna Hot Dog For My Roll - Live,0,0.0
Chapter 10.12 - Król Maciuś Pierwszy,0,0.0
Somewhere I Belong___Linkin Park,1,1.0
Chapter 209 - The Unlit Lamp,0,0.0
Chapter 114 - The Unlit Lamp,0,0.0
Rumors Of My Demise Have Been Greatly Exaggerated___Rise Against,1,1.0
The Other Half Of Me___Born Of Osiris,1,1.0
As Tu Vu,0,0.0
Icarus___PhaseOne,1,1.0
Socialized Animals___Great American Ghost,1,1.0
Глава 7. Часть 1.9 & Глава 7. Часть 2.1 - Кюхля,0,0.0
Involuntary Doppelgänger___Archspire,1,1.0
The River___Wage War,1,1.0
"Carmen, 18, Acte 3: ""Coeur Des Contrebandiers""",0,0.0
Glory for Salvation___Rhapsody Of Fire,1,1.0
Chapter 1.6 - Szkolne przygody Pimpusia Sadełko,0,0.0
The Four Horsemen (Remastered)___Metallica,1,1.0
Clotildita - Remasterizado,0,0.0
Chapter 225.2 & Chapter 226.1 - Sprawy Sherlocka Holmesa,0,0.0
I'm Gonna Gitcha,0,0.0
Chapter 5.20 - Król Maciuś na wyspie bezludnej,0,0.0
Alive___Wage War,1,1.0
Chapter 3.9 - Król Maciuś na wyspie bezludnej,0,0.0
Long Live Love Life,0,0.0
Kapitel 252 - Der Page und die Herzogin,0,0.0
Doctor Jazz,0,0.0
Between the Lines - Live___The Ghost Inside,1,1.0
Chapter 83.2 & Chapter 84.1 - Sprawy Sherlocka Holmesa,0,0.0
Chapter 36.2 & Chapter 37.1 - Sprawy Sherlocka Holmesa,0,0.0
Глава 9. Часть 1.7 - Кюхля,0,0.0
Follow the Swallow,0,0.0
Whiteworm___Marty Friedman,1,1.0
Chapter 50.2 & Chapter 51.1 - Sprawy Sherlocka Holmesa,0,0.0
It's So Easy___Guns N' Roses,1,1.0
Olga - Remasterizado,0,0.0
Mamita Mia - Remasterizado,0,0.0
Serenade of the Bells,0,0.0
Cavalleria rusticana: Intermezzo sinfonico,0,0.0
Penas Del Arrabal - Remasterizado,0,0.0
Màu Áo Học Trò___7UPPERCUTS,1,1.0
Anita,0,0.0
Kapitel 277 - Der Page und die Herzogin,0,0.0
Chapter 8.21 & Chapter 9.1 - Król Maciuś Pierwszy,0,0.0
Kapitel 92 - Der Page und die Herzogin,0,0.0
Capítulo 1.8 - Banquero Anarquista,0,0.0
Chapter 113.2 & Chapter 114.1 - Dolina strachu,0,0.0
Chapter 1.9 - Król Maciuś na wyspie bezludnej,0,0.0
Knives and Pens___Black Veil Brides,1,1.0
Let It Go___The Plot In You,1,1.0
Blade Runner___Beast In Black,1,1.0
Man Trouble Blues - Remastered,0,0.0
Chapter 5.18 - Król Maciuś na wyspie bezludnej,0,0.0
The Reason___Hoobastank,1,1.0
Outsider___Veil Of Maya,1,1.0
Las Trenzas de Mi China - Remasterizado,0,0.0
The End Of The World And Time Will Be No More,0,0.0
Metal Health (Bang Your Head)___Quiet Riot,1,1.0
China de Mi Amor - Remasterizado,0,0.0
Ignorance___Paramore,1,1.0
Romance___Varials,1,1.0
Break Stuff___Limp Bizkit,1,1.0
He Likes It Slow,0,0.0
Paralyzed___LANDMVRKS,1,1.0
Black Mountain Blues,0,0.0
Saturday Night Black Marier Riders,0,0.0
Kapitel 390 - Der Page und die Herzogin,0,0.0
Luminary___TesseracT,1,1.0
Mamacita,0,0.0
A Monday Date,0,0.0
"Yes, Indeed!",0,0.0
Padre Nuestro - Remasterizado,0,0.0
Felix the Cat,0,0.0
Hunting Season___Ice Nine Kills,1,1.0
Глава 2. Часть 2.8 - Кюхля,0,0.0
Chapter 8.7 - Król Maciuś na wyspie bezludnej,0,0.0
Heebie Jeebies,0,0.0
Only Death Is Real___Stray From The Path,1,1.0
Chapter 65.2 & Chapter 66.1 - Dolina strachu,0,0.0
Kapitel 127 - Der Page und die Herzogin,0,0.0
El Tabernero - Remasterizado,0,0.0
Circle The Drain___Wage War,1,1.0
Chokehold___Sleep Token,1,1.0
A Shropshire Lad: With Rue My Heart is Laden,0,0.0
I'm Not Rough,0,0.0
Chapter 133.2 & Chapter 134 & Chapter 135.1 - Sprawy Sherlocka Holmesa,0,0.0
Belleville Ménilmontant,0,0.0
Put Away a Little Ray of Golden Sunshine,0,0.0
Aquel Cuartito de la Pensión - Remasterizado,0,0.0
All Day & A Night (feat. Bryan Garris)___Stray From The Path,1,1.0
"Sonata No. 3, Op. 46: I. Allegro con moto",0,0.0
Nowhere To Go___Bad Omens,1,1.0
Clavelito Rojo - Remasterizado,0,0.0
Todo Por Un Amor - Instrumental (Remasterizado),0,0.0
Les Artichauts,0,0.0
Old Ghost / New Regrets___Parkway Drive,1,1.0
Canned Heat Blues,0,0.0
Was___The Acacia Strain,1,0.0
The Dear Little Shamrock,0,0.0
Those Panama Mamas - Are Ruining me,0,0.0
Silence Speaks___While She Sleeps,1,1.0
"Piano Sonata No. 2, Op. 35: IV. Finale. Presto",0,0.0
El Cuatrero - Instrumental (Remasterizado),0,0.0
La Ultima Copa - Remasterizado,0,0.0
Bad Habits___Silverstein,1,1.0
Nostalgias,0,0.0
Kapitel 437 - Der Page und die Herzogin,0,0.0
Salud,0,0.0
Kingdom For A Heart___Sonata Arctica,1,1.0
Chapter 42.2 & Chapter 43.1 - Sprawy Sherlocka Holmesa,0,0.0
Chapter 13.2 & Chapter 14.1 - Dolina strachu,0,0.0
Gam Seni Terk Eylemez,0,0.0
"Faust, Acte 3, Scène Et Duo Du Jardin, Fin (4ème Partie): ""Tête Folle, Tu Nous Écoutais!""",0,0.0
Basin Street Blues - rec. 1928,0,0.0
"Carmen : Acte III - Ecoute, compagnon, Notre métier (Choeur et sextuor)",0,0.0
Shadowmourne___Born Of Osiris,1,1.0
Body Bag___I Prevail,1,1.0
FOMO (Bored of You)___The Home Team,1,1.0
Les Papillons De Nuit,0,0.0
Capítulo 2.21 - Banquero Anarquista,0,0.0
La Cabeza del Italiano - Remasterizado,0,0.0
Occhi Di Fata,0,1.0
Kapitel 219 - Der Page und die Herzogin,0,0.0
The Brakeman's Blues,0,1.0
Kapitel 142 - Der Page und die Herzogin,0,0.0
West End Blues,0,0.0
Глава 9. Часть 1.6 - Кюхля,0,0.0
Casualty___Polaris,1,1.0
Deathwish___Architects,1,1.0
Tea For Two - Remasterizado,0,0.0
Shattered Glass___Fit For A King,1,1.0
Chapter 193.2 & Chapter 194.1 - Sprawy Sherlocka Holmesa,0,0.0
Pabaigoje Mine,0,1.0
Modern Dream____shelf.,1,1.0
Resignación - Remasterizado,0,0.0
Chapter 1.4 - Król Maciuś Pierwszy,0,0.0
Chapter 4.16 - Król Maciuś Pierwszy,0,0.0
Vore___Sleep Token,1,1.0
Kapitel 267 - Der Page und die Herzogin,0,0.0
"Good Bye To Chain Stores, Part 1",0,0.0
Chapter 244.2 & Chapter 245.1 - Sprawy Sherlocka Holmesa,0,0.0
Chapter 35.2 & Chapter 36.1 - Dolina strachu,0,0.0
Chapter 5.21 & Chapter 6.1 - Król Maciuś Pierwszy,0,0.0
Yo Te Mendigo - Remasterizado,0,0.0
"Mama, I'm Coming Home___Ozzy Osbourne",1,1.0
Eyes of Thousand___The Black Dahlia Murder,1,1.0
Womb___Great American Ghost,1,1.0
Freedom of Speech___Clark Kent Job,1,1.0
Call Me When You're Sober___Evanescence,1,1.0
Río De Oro - Instrumental (Remasterizado),0,0.0
When the Lights Are Down___Kamelot,1,1.0
Chapter 155.2 & Chapter 156 - Dolina strachu,0,0.0
Heroes of Our Time___DragonForce,1,1.0
Pain Remains I: Dancing Like Flames___Lorna Shore,1,1.0
Lazy River,0,0.0
Distortion___BABYMETAL,1,1.0
Bed of Snakes___Bleed From Within,1,1.0
These Colours Don't Run___Architects,1,1.0
Chapter 10.9 - Król Maciuś Pierwszy,0,0.0
Burn in Hell___Twisted Sister,1,1.0
Marche Des Petits Pierrots,0,0.0
I'm Not Right___Tetrarch,1,1.0
Chapter 3.6 - Król Maciuś na wyspie bezludnej,0,0.0
Bloodwork___36 Crazyfists,1,1.0
The King of the Zulus,0,0.0
Chapter 4.9 - Król Maciuś na wyspie bezludnej,0,0.0
Goin' up the Country,0,0.0
The Summoning___Sleep Token,1,1.0
Papa De Da Da,0,0.0
Kapitel 209 - Der Page und die Herzogin,0,0.0
C'est Jeune Et Ca N'sait Pas,0,0.0
Avalanche___Avril Lavigne,1,1.0
Chapter 9.16 - Król Maciuś Pierwszy,0,0.0
The King of the Zulus,0,0.0
Kapitel 76 - Der Page und die Herzogin,0,0.0
March Of The Toys,0,0.0
Litany Of The Fallen___Therion,1,1.0
Chapter 89.2 & Chapter 90.1 - Sprawy Sherlocka Holmesa,0,0.0
Глава 3. Часть 2.4 - Кюхля,0,0.0
Outrun___Veil Of Maya,1,1.0
I´m Gonna Cross the River of Jordan Some O´ These Days - Remastered,0,0.0
Kapitel 249 - Der Page und die Herzogin,0,0.0
Losing Myself___State Champs,1,1.0
Kapitel 405 - Der Page und die Herzogin,0,0.0
Como una Flor - Remasterizado,0,0.0
Then We Say Goodbye,0,0.0
Exodus___Brand of Sacrifice,1,1.0
Spit It Out___Slipknot,1,1.0
Palo Verde - Instrumental (Remasterizado),0,0.0
Chapter 10.8 - Król Maciuś Pierwszy,0,0.0
Frustrating___7UPPERCUTS,1,1.0
Chapter 96 - The Unlit Lamp,0,0.0
Bittersweet Memories___Bullet For My Valentine,1,1.0
ABC (feat. Sophia Black)___Polyphia,1,1.0
Bay___Microwave,1,0.0
Chapter 121.2 & Chapter 122.1 - Dolina strachu,0,0.0
The Final Episode (Let's Change Channel)___Asking Alexandria,1,1.0
"Carmen : Acte II - Holà, Carmen, holà! (Finale)",0,0.0
Capítulo 2.8 - Banquero Anarquista,0,0.0
Глава 3. Часть 1.6 - Кюхля,0,0.0
Chapter 4.18 - Król Maciuś na wyspie bezludnej,0,0.0
Глава 11. Часть 2.5 - Кюхля,0,0.0
One with the Sun___Unearth,1,1.0
Bão Đêm___Microwave,1,1.0
"The Leper's Cry___I, of Helix",1,1.0
Melody In F,0,0.0
Call Me Maybe___Upon This Dawning,1,1.0
Responso Malevo - Instrumental (Remasterizado),0,0.0
Bones___Make Them Suffer,1,1.0
Perfumes - Instrumental (Remasterizado),0,0.0
Ory's Creole Trombone,0,0.0
Chapter 3.15 - Król Maciuś na wyspie bezludnej,0,0.0
Everybody Loves My Baby,0,0.0
Chapter 2.21 & Chapter 3.1 - Król Maciuś Pierwszy,0,0.0
Kapitel 226 - Der Page und die Herzogin,0,0.0
To Be In Love,0,0.0
Ladrillo - Remasterizado,0,0.0
Chapter 102 - The Unlit Lamp,0,0.0
Gully Low Blues,0,0.0
Chapter 1.2 - O Janku wędrowniczku,0,0.0
Shape Shifters___The Faceless,1,0.0
Retirao - Instrumental (Remasterizado),0,0.0
Chapter 97.2 & Chapter 98.1 - Dolina strachu,0,0.0
Que Pare el Baile - Remasterizado,0,0.0
Sacrimony (Angel of Afterlife) [feat. Elize Ryd & Alissa White-Gluz]___Kamelot,1,1.0
Put It Where I Can Get It,0,0.0
Kapitel 211 - Der Page und die Herzogin,0,0.0
"Chopin: Nocturne No. 16 in E-Flat Major, Op. 55 No. 2",0,0.0
Spaceman (feat. FiNCH)___Electric Callboy,1,1.0
Earthquake___Knuckle Puck,1,1.0
Cross and Evil Woman Blues,0,0.0
Triste Visión - Remasterizado,0,0.0
Kapitel 342 - Der Page und die Herzogin,0,0.0
Chapter 140.2 & Chapter 141.1 - Sprawy Sherlocka Holmesa,0,0.0
Chapter 132.2 & Chapter 133.1 - Dolina strachu,0,0.0
Mi Estrella - Remasterizado,0,0.0
Yōkai___Within Destruction,1,1.0
Chapter 84 - The Unlit Lamp,0,0.0
Year 3000___Jonas Brothers,1,1.0
Kapitel 157 - Der Page und die Herzogin,0,0.0
Blackened (Remastered)___Metallica,1,1.0
Enth E Nd (Kutmasta Kurt Reanimation) [feat. Motion Man]___Linkin Park,1,1.0
"Das Christelflein, Op. 20: Overture - Excerpts",0,0.0
have a nice dream___Ichika Nito,1,0.0
Beneath a Crescent Moon___Kublai Khan TX,1,1.0
Crooked Path___Polaris,1,1.0
Chapter 13 - The Unlit Lamp,0,0.0
"I Put A Spell On You - Live at the Apollo Theatre, New York, NY - Sept. 1956",0,0.0
Where Angels Fear to Fly___Battle Beast,1,1.0
Chapter 37 - The Unlit Lamp,0,0.0
Si J'avais Été Un Homme,0,0.0
The Middle___Jimmy Eat World,1,1.0
I Am Broken Too___Killswitch Engage,1,1.0
"Chopin: Nocturne No. 1 in B-Flat Minor, Op. 9 No. 1",0,0.0
A Depth That No One Dares___Bleed From Within,1,1.0
Presto,0,0.0
Your Betrayal___Bullet For My Valentine,1,1.0
(What Did I Do To Be So) Black and Blue?,0,0.0
Teraey Gheiry We Tebtesem,0,0.0
Chapter 55 - The Unlit Lamp,0,0.0
Scum Of The Earth___Rob Zombie,1,1.0
Fly Me to the Moon___Saw Loser,1,1.0
"Mireille, Acte 5: ""Anges Du Paradis""",0,0.0
Chapter 21.2 & Chapter 22.1 - Sprawy Sherlocka Holmesa,0,0.0
Twelfth Street Rag,0,0.0
En tu Angustia,0,0.0
Romanior,0,1.0
he waits patiently___Ichika Nito,1,0.0
Skyline___ERRA,1,1.0
Some Minds Don't Change___State Champs,1,1.0
Chapter 169 - The Unlit Lamp,0,0.0
Stompin' at the Savoy - Mix One,0,0.0
Chapter 256.2 & Chapter 257.1 - Sprawy Sherlocka Holmesa,0,0.0
Vol Vistu Gaily Star,0,0.0
Defeating Gravity___Future Palace,1,1.0
Chapter 8.10 - Król Maciuś na wyspie bezludnej,0,0.0
Don't Let Me Fade Away___Wage War,1,1.0
I Be on the Grind,0,1.0
Two Deuces,0,0.0
Chapter 40.2 & Chapter 41.1 - Dolina strachu,0,0.0
Глава 7. Часть 1.3 - Кюхля,0,0.0
Entrá Nomas - Remasterizado,0,0.0
30/30-150___Stone Sour,1,1.0
He Likes It Slow,0,0.0
Noches De Amor - Instrumental (Remasterizado),0,0.0
Ca C'est Une Chose,0,0.0
Put 'Em Down Blues,0,0.0
Valentine's Day___Linkin Park,1,1.0
Stop! You're Breakin' My Heart - Live,0,0.0
Kapitel 438 - Der Page und die Herzogin,0,0.0
Beat It___Raintime,1,1.0
Here I Go Again___Whitesnake,1,1.0
Chapter 1.11 - Król Maciuś Pierwszy,0,0.0
Hideous___VEXED,1,1.0
Hate My Life___Theory of a Deadman,1,1.0
Consume___Polaris,1,1.0
Alone Again___Dokken,1,1.0
Chapter 1.6 - Król Maciuś Pierwszy,0,0.0
"It's Been a Long, Long Time",0,0.0
Kapitel 37 - Der Page und die Herzogin,0,0.0
Soldier of Fortune___LOUDNESS,1,1.0
Feel So Numb___Rob Zombie,1,1.0
Pressure___Paramore,1,1.0
Chapter 6.17 - Król Maciuś Pierwszy,0,0.0
En la Cruz,0,0.0
Bread & Roses___Stray From The Path,1,1.0
Guillotine___Stray From The Path,1,1.0
"Yes Sir, That's My Baby - Remastered",0,0.0
Passione,0,0.0
Goblin King of the Darkstorm Galaxy___Gloryhammer,1,1.0
Hypnosis___Sleep Token,1,1.0
Double X Minus___Five Pointe O,1,1.0
Chapter 56.2 & Chapter 57.1 - Sprawy Sherlocka Holmesa,0,0.0
Saltwound___Fit For An Autopsy,1,1.0
Undone - The Sweater Song___Weezer,1,1.0
Chapter 21 - The Unlit Lamp,0,0.0
Death and Transfiguration,0,0.0
Pala Oyunu,0,0.0
Chapter 17.2 & Chapter 18.1 - Sprawy Sherlocka Holmesa,0,0.0
Malediction___Shadow of Intent,1,1.0
Two Sleepy People,0,0.0
"No (Papa, No)",0,0.0
Chapter 2.17 - Król Maciuś Pierwszy,0,0.0
Mimosita - Remasterizado,0,0.0
Capítulo 1.21 - Banquero Anarquista,0,0.0
Farolito Viejo - Instrumental (Remasterizado),0,0.0
Kapitel 135 - Der Page und die Herzogin,0,0.0
Kapitel 187 - Der Page und die Herzogin,0,0.0
Southbound Blues,0,0.0
Kapitel 398 - Der Page und die Herzogin,0,0.0
phantom___Ichika Nito,1,1.0
Retintin - Instrumental (Remasterizado),0,0.0
Noche Callada - Remasterizado,0,0.0
To the Hellfire___Lorna Shore,1,1.0
More Than Words___Extreme,1,0.0
Heah Me Talkin' To Ya?,0,0.0
Capítulo 2.11 - Corto Viaje a Casa,0,0.0
Coffee at Midnight___Stand Atlantic,1,1.0
Chapter 4.11 - Król Maciuś Pierwszy,0,0.0
La Tristeza del Bulín - Remasterizado,0,0.0
Sunset Cafe Stomp,0,0.0
Drunk___Dayseeker,1,1.0
There's Good Blues Tonight,0,0.0
Kapitel 297 - Der Page und die Herzogin,0,0.0
Chapter 145 - The Unlit Lamp,0,0.0
Blood Of The Elves___Blind Guardian,1,1.0
Kapitel 89 - Der Page und die Herzogin,0,0.0
Глава 4. Часть 2.12 & Глава 5. Часть 1.1 - Кюхля,0,0.0
Sugar Plum,0,0.0
So Strange (feat. Cuco)___Polyphia,1,1.0
26___Paramore,1,0.0
You're Next,0,0.0
Le Fado,0,0.0
Holiday / Boulevard of Broken Dreams___Green Day,1,1.0
Le Tango De Lola,0,0.0
At Twilight,0,0.0
Chapter 4.18 - Król Maciuś Pierwszy,0,0.0
Madona - Instrumental (Remasterizado),0,0.0
Le barbier de Séville : Air de Rosine,0,0.0
Chapter 4.6 - Król Maciuś na wyspie bezludnej,0,0.0
Chapter 5.13 - Król Maciuś Pierwszy,0,0.0
Once In a While,0,0.0
Blood Mantra___Decapitated,1,1.0
Глава 6.13 - Кюхля,0,0.0
He Is___Ghost,1,1.0
Chapter 11.4 - Król Maciuś Pierwszy,0,0.0
Steamboat Stomp,0,0.0
Baking Dough (Money on My Mind),0,1.0
S.C.A.V.A.___Hollywood Undead,1,1.0
El Barrio Está Triste - Remasterizado,0,0.0
Kapitel 229 - Der Page und die Herzogin,0,0.0
Wildfire___Periphery,1,1.0
Oh Kay!: Fidgety Feet,0,0.0
Darktown Strutters Ball,0,0.0
The Purge of History,0,1.0
Глава 8. Часть 2.8 - Кюхля,0,0.0
Sweet Georgia Brown,0,0.0
Blackened (Live - Seattle '89)___Metallica,1,1.0
Two Deuces,0,0.0
Personita - Remasterizado,0,0.0
Afterlife___Bleed From Within,1,1.0
Sad But True (Remastered)___Metallica,1,1.0
Chapter 8.11 - Król Maciuś Pierwszy,0,0.0
Juventud - Remasterizado,0,0.0
Bottom Feeder___Parkway Drive,1,1.0
Глава 10. Часть 2.7 - Кюхля,0,0.0
Đừng Yêu Người Nổi Tiếng___7UPPERCUTS,1,1.0
Put 'Em Down Blues,0,0.0
Was It A Dream?,0,0.0
Kapitel 31 - Der Page und die Herzogin,0,0.0
Capítulo 2.12 - Banquero Anarquista,0,0.0
Sugar Foot Strut,0,0.0
Masochist___Overthrone,1,1.0
Fall For Me___Sleep Token,1,0.0
Chicago Breakdown,0,0.0
Forever Yours___Axty,1,1.0
Chapter 92 - The Unlit Lamp,0,0.0
Half Empty___State Champs,1,1.0
Closure___I Prevail,1,1.0
Easier to Run___Linkin Park,1,1.0
Chapter 19.2 & Chapter 20.1 - Sprawy Sherlocka Holmesa,0,0.0
Kapitel 355 - Der Page und die Herzogin,0,0.0
Kapitel 262 - Der Page und die Herzogin,0,0.0
You___Bad Religion,1,1.0
Kapitel 330 - Der Page und die Herzogin,0,0.0
Won't Be Saved___Become the Knight,1,1.0
"Chopin: Nocturne No. 18 in E Major, Op. 62 No. 2",0,0.0
Chapter 2.19 - Król Maciuś na wyspie bezludnej,0,0.0
Глава 3. Часть 1.15 & Глава 3. Часть 2.1 - Кюхля,0,0.0
Chapter 8.18 - Król Maciuś Pierwszy,0,0.0
Going Rogue___Dropout Kings,1,1.0
Chapter 246.2 & Chapter 247.1 - Sprawy Sherlocka Holmesa,0,0.0
Chapter 4.5 - Król Maciuś na wyspie bezludnej,0,0.0
Chapter 3.2 - Król Maciuś Pierwszy,0,0.0
Mister Bohr - Remasterizado,0,0.0
Presumida - Remasterizado,0,0.0
Hotter Than That,0,0.0
Turn the Sun off!___Imperial Age,1,1.0
Sueño de juventud,0,0.0
Oblivions Peak___Knocked Loose,1,1.0
Patio Olvidado - Remasterizado,0,0.0
Get Stoned___Stone,1,1.0
When Worlds Collide___Powerman 5000,1,1.0
Chapter 10.5 - Król Maciuś Pierwszy,0,0.0
A Cloak Woven of Stars___Lacrimas Profundere,1,1.0
Kapitel 365 - Der Page und die Herzogin,0,0.0
Royal Garden Blues,0,0.0
Fight Fire With Fire (Remastered)___Metallica,1,1.0
Deluge___After The Burial,1,1.0
That's When I'll Come Back To You,0,0.0
Capítulo 1.12 - Banquero Anarquista,0,0.0
Chapter 61 - The Unlit Lamp,0,0.0
En la Vida Hay un Corazón - Remasterizado,0,0.0
Kapitel 384 - Der Page und die Herzogin,0,0.0
Save Your Sorrow For Tomorrow,0,0.0
Chapter 3.20 & Chapter 4.1 - Król Maciuś na wyspie bezludnej,0,0.0
The Looking Glass___Avantasia,1,1.0
Глава 1.5 - Кюхля,0,0.0
On The Sunny Side Of The Street - Live,0,1.0
A Spoonful Blues,0,0.0
Utopia___Bleed From Within,1,1.0
Chapter 129.2 & Chapter 130.1 - Dolina strachu,0,0.0
Recordando - Instrumental (Remasterizado),0,0.0
Battery (Remastered)___Metallica,1,1.0
Ghost Opera___Kamelot,1,1.0
Petruschka - Instrumental (Remasterizado),0,0.0
I Don't Wanna Be Me___Type O Negative,1,1.0
Kapitel 2 - Der Page und die Herzogin,0,0.0
Kapitel 275 - Der Page und die Herzogin,0,0.0
Kapitel 160 - Der Page und die Herzogin,0,0.0
Chapter 95 - The Unlit Lamp,0,0.0
The Opening Move___Stray From The Path,1,1.0
Mine___Sleep Token,1,1.0
Kapitel 194 - Der Page und die Herzogin,0,0.0
Through Glass___Stone Sour,1,1.0
Kapitel 264 - Der Page und die Herzogin,0,0.0
Chapter 131.2 & Chapter 132.1 - Dolina strachu,0,0.0
It's So Hard To Speak Without A Tongue___Parkway Drive,1,1.0
The Jazz Me Blues,0,0.0
Antisocial___Anthrax,1,1.0
Chapter 7.11 - Król Maciuś Pierwszy,0,0.0
"La Tosca : Oui, l'on me dit vénal",0,0.0
Stitch___Wage War,1,1.0
parasite___thrown,1,1.0
The Other Half - Live___The Ghost Inside,1,1.0
Seize the Day___Avenged Sevenfold,1,1.0
Se Baila en la Rancheria - Remasterizado,0,0.0
T for Texas,0,1.0
Otro Trago - Instrumental (Remasterizado),0,0.0
Si Si Es Mi Nena - Remasterizado,0,0.0
Nightmare___Polyphia,1,1.0
Gunslinger___Avenged Sevenfold,1,1.0
My Little Lady,0,1.0
Wherever You Will Go___The Calling,1,1.0
Avoir un bon copain,0,0.0
Devil's Calling___Parkway Drive,1,1.0
Quedate Quieta - Instrumental (Remasterizado),0,0.0
Los Distinguidos - Instrumental (Remasterizado),0,0.0
Puentecito de Plata - Remasterizado,0,0.0
La Payasa - Remasterizado,0,0.0
West End Blues,0,0.0
Chapter 5.19 - Król Maciuś Pierwszy,0,0.0
Do What You Want___Bad Religion,1,1.0
The First Will Be Last___Stray From The Path,1,1.0
All This Money,0,1.0
Chapter 6.18 - Król Maciuś na wyspie bezludnej,0,0.0
Kapitel 253 - Der Page und die Herzogin,0,0.0
Kapitel 8 - Der Page und die Herzogin,0,0.0
Chapter 6.16 - Król Maciuś Pierwszy,0,0.0
benefits___Vaundy,1,1.0
Chapter 93 - The Unlit Lamp,0,0.0
Invisible Enemy___Bleed From Within,1,1.0
Caballo de Oro - Instrumental (Remasterizado),0,0.0
Dinah,0,0.0
Fault Line___Patient Sixty-Seven,1,1.0
One Step Closer___Linkin Park,1,1.0
Voyages (Rerecorded)___Crystal Lake,1,0.0
Deja la Farra - Instrumental (Remasterizado),0,0.0
Chapter 81.2 & Chapter 82 & Chapter 83.1 - Dolina strachu,0,0.0
Stairway to Heaven - Remaster___Led Zeppelin,1,1.0
Iris___The Goo Goo Dolls,1,1.0
Sugar Baby - 2020 Remaster,0,0.0
Chapter 143 - The Unlit Lamp,0,0.0
Chapter 169.2 & Chapter 170.1 - Sprawy Sherlocka Holmesa,0,0.0
Inhale___Plini,1,1.0
Глава 1.10 & Глава 2. Часть 1.1 - Кюхля,0,0.0
Squeeze Me,0,0.0
Глава 9. Часть 2.10 - Кюхля,0,0.0
Memphis Yodel,0,1.0
Hurricane___While She Sleeps,1,1.0
I Am Damnation___Bleed From Within,1,1.0
Sondela,0,1.0
Kapitel 56 - Der Page und die Herzogin,0,0.0
Serpents___Neck Deep,1,1.0
Глава 1.1 - Кюхля,0,0.0
The Last Time,0,0.0
The Sin and the Sentence___Trivium,1,1.0
Avalon - Live,0,0.0
Tears,0,0.0
Chapter 105 - The Unlit Lamp,0,0.0
Chapter 123.2 & Chapter 124.1 - Sprawy Sherlocka Holmesa,0,0.0
Gut Bucket Blues,0,0.0
Chapter 69.2 & Chapter 70.1 - Dolina strachu,0,0.0
Have Faith In Me___A Day To Remember,1,1.0
Fumando Espero - Remasterizado,0,0.0
Vanish Canvas___ERRA,1,1.0
Gabino - Remasterizado,0,0.0
Chapter 49.2 & Chapter 50.1 - Sprawy Sherlocka Holmesa,0,0.0
Creatures of Habit___Polaris,1,1.0
Composure___Real Friends,1,1.0
Perfect Score___State Champs,1,1.0
Writing On The Walls___Underoath,1,1.0
Waiting for a Train,0,0.0
Keepsakes,0,1.0
S.O.L. Blues,0,0.0
Que Compadre - Remasterizado,0,0.0
Capítulo 1.11 - Banquero Anarquista,0,0.0
Monkey Man Blues,0,0.0
resolution___Ichika Nito,1,0.0
Jumpdafuckup___Soulfly,1,1.0
Kapitel 36 - Der Page und die Herzogin,0,0.0
"Impromptu No. 1 in A-Flat Major, Op. 29",0,0.0
"Sweet Sue, Just You - Live",0,0.0
Chapter 89 - The Unlit Lamp,0,0.0
You Are We___While She Sleeps,1,1.0
Kapitel 53 - Der Page und die Herzogin,0,0.0
Chapter 138 - The Unlit Lamp,0,0.0
Chapter 133.2 & Chapter 134.1 - Dolina strachu,0,0.0
Глава 4. Часть 2.4 - Кюхля,0,0.0
Rock You Like A Hurricane___Scorpions,1,1.0
Chapter 157.2 & Chapter 158.1 - Sprawy Sherlocka Holmesa,0,0.0
Chapter 124 - The Unlit Lamp,0,0.0
Chapter 50.2 & Chapter 51.1 - Dolina strachu,0,0.0
This Is War___Thirty Seconds To Mars,1,1.0
Kapitel 341 - Der Page und die Herzogin,0,0.0
Yes! I'm In The Barrel,0,0.0
Beau Koo Jack,0,0.0
Ohio Is For Lovers___Hawthorne Heights,1,1.0
Chapter 163.2 & Chapter 164.1 - Sprawy Sherlocka Holmesa,0,0.0
Louisiana,0,0.0
Caminito - Instrumental (Remasterizado),0,0.0
Culpable - Remasterizado,0,0.0
Chapter 20.2 & Chapter 21.1 - Sprawy Sherlocka Holmesa,0,0.0
She's Gone___STEELHEART,1,1.0
Malevaje - Remasterizado,0,0.0
Глава 9. Часть 1.3 - Кюхля,0,0.0
Ya Karawan,0,0.0
Chapter 1.5 - O Janku wędrowniczku,0,0.0
Primordial Sound___The Contortionist,1,1.0
Kapitel 96 - Der Page und die Herzogin,0,0.0
Kapitel 254 - Der Page und die Herzogin,0,0.0
Chapter 12.2 & Chapter 13.1 - Sprawy Sherlocka Holmesa,0,0.0
"Carmen : Acte IV - C'est toi, c'est moi (Duo final)",0,0.0
Be Mine in Tears___Lacrimas Profundere,1,1.0
Galleguita - Instrumental (Remasterizado),0,0.0
ARTIFICIAL SUICIDE___Bad Omens,1,1.0
Flag In The Ground___Sonata Arctica,1,1.0
Planetary Duality I: Hideous Revelation___The Faceless,1,1.0
Centinela Alerta! - Remasterizado,0,0.0
Engine 45 - Live___The Ghost Inside,1,1.0
Chapter 6.18 - Król Maciuś Pierwszy,0,0.0
Kapitel 273 - Der Page und die Herzogin,0,0.0
Chapter 19 - The Unlit Lamp,0,0.0
Meeting The Judge On A Monday Morning,0,0.0
Covered Wagon Days,0,0.0
.50___Varials,1,1.0
Chapter 11.8 - Król Maciuś Pierwszy,0,0.0
"Piano Sonata No. 2 in B-Flat Minor, Op. 35: I. Grave - Doppio movimento",0,0.0
Electric Girl - Remasterizado,0,0.0
"Knock 'Em Dead, Kid___Mötley Crüe",1,1.0
Alligator Crawl,0,0.0
Chapter 69.2 & Chapter 70.1 - Sprawy Sherlocka Holmesa,0,0.0
Shadow Moses___Bring Me The Horizon,1,1.0
Глава 2. Часть 1.3 - Кюхля,0,0.0
Open Water (Rerecorded)___Crystal Lake,1,1.0
Caught in the Middle___Paramore,1,1.0
アフターダーク___ASIAN KUNG-FU GENERATION,1,1.0
Broken___Seether,1,1.0
Chapter 229.2 & Chapter 230 & Chapter 231.1 - Sprawy Sherlocka Holmesa,0,0.0
Глава 7. Часть 2.3 - Кюхля,0,0.0
Entrá Nomás - Remasterizado,0,0.0
Gut Bucket Blues,0,0.0
Face Down___The Red Jumpsuit Apparatus,1,1.0
Walkie Talkie Man___Steriogram,1,1.0
Who Wants A Bad Little Boy,0,0.0
Se Fue Taborda - Remasterizado,0,0.0
Can't Kick Up The Roots___Neck Deep,1,1.0
Was It a Dream?,0,0.0
Siempre Amigos - Remasterizado,0,0.0
Another Life___Motionless In White,1,1.0
"Chopin: Scherzo No. 1 in B Minor, Op. 20",0,0.0
Chapter 81.2 & Chapter 82.1 - Sprawy Sherlocka Holmesa,0,0.0
El Campero - Instrumental (Remasterizado),0,0.0
Irish Black Bottom,0,0.0
Chemical___The Devil Wears Prada,1,1.0
Chapter 213 - The Unlit Lamp,0,0.0
Elle a perdu son pantalon,0,0.0
Chapter 34.2 & Chapter 35.1 - Sprawy Sherlocka Holmesa,0,0.0
Глава 4. Часть 2.10 - Кюхля,0,0.0
Es geht mir in jeder Hinsicht immer besser,0,0.0
The Nameless___Eluveitie,1,1.0
"Prelude in in B Minor, Op. 28, No. 6",0,0.0
We Got the Moves___Electric Callboy,1,1.0
Recuerdos de una Madrugá,0,0.0
Shake Your Foundations___AC/DC,1,1.0
"Save It, Pretty Mama",0,0.0
Pretense___Knuckle Puck,1,1.0
No Tengo Amigos - Instrumental (Remasterizado 2018),0,0.0
Los Indios - Instrumental (Remasterizado),0,0.0
Misery___Silverstein,1,1.0
Smooth (feat. Rob Thomas)___Santana,1,1.0
Hüseyni Gazel,0,0.0
2007___Shin Guard,1,1.0
Tom's Diner___AnnenMayKantereit,1,1.0
Get By___Real Friends,1,1.0
Capítulo 2.3 - Banquero Anarquista,0,0.0
Body and Soul,0,0.0
Chapter 211.2 & Chapter 212.1 - Sprawy Sherlocka Holmesa,0,0.0
Before I Forget___Slipknot,1,1.0
Master of Illusion___Battle Beast,1,1.0
Big Fat Ma And Skinny Pa,0,0.0
Masterpiece___Motionless In White,1,1.0
. _ _ _ ____Angel Vivaldi,1,1.0
Chismes de la Rivera - Remasterizado,0,0.0
Chapter 116.2 & Chapter 117.1 - Sprawy Sherlocka Holmesa,0,0.0
Pull From The Ghost___ERRA,1,1.0
Chapter 6.15 - Król Maciuś na wyspie bezludnej,0,0.0
I'm Not Rough,0,0.0
Marcelo - Instrumental (Remasterizado),0,0.0
Drink___Alestorm,1,1.0
Chapter 199.2 & Chapter 200.1 - Sprawy Sherlocka Holmesa,0,0.0
Глава 12.3 - Кюхля,0,0.0
Home___Oceans,1,1.0
La Hija de Japonesita - Remasterizado,0,0.0
Down but Not Out___Cro-Mags,1,1.0
Chapter 80 - The Unlit Lamp,0,0.0
Chapter 1.8 - Król Maciuś Pierwszy,0,0.0
"Waltz in A Minor, Op. 34, No. 2",0,0.0
Its Only Smiles___Periphery,1,1.0
A.D.I.D.A.S.___Korn,1,1.0
Clef Club Stomp,0,0.0
She's Long She's Tall,0,1.0
C'est Merveilleux,0,0.0
Conflict of Interest___156/Silence,1,1.0
St. James Infirmary,0,0.0
El Manisero - Remasterizado,0,0.0
Calavera Viejo - Instrumental (Remasterizado 2018),0,0.0
I Sever___Sylosis,1,1.0
Oh! Look At Me Now,0,0.0
Bend Down Sister,0,0.0
Trago Amargo - Instrumental (Remasterizado),0,0.0
Tembladeral - Remasterizado,0,0.0
I Got An Uncle In Harlem - Live,0,0.0
The Greatest Fear___Parkway Drive,1,1.0
Chapter 5.19 - Król Maciuś na wyspie bezludnej,0,0.0
Surdate,0,0.0
Krazy Kat (feat. Bix Beiderbecke & Eddie Lang),0,0.0
Gully Low Blues,0,0.0
I Love You___Saigon Kick,1,1.0
Глава 2. Часть 2.7 - Кюхля,0,0.0
Fireflies___Owl City,1,1.0
I Don't Know Enough About You,0,0.0
Kapitel 148 - Der Page und die Herzogin,0,0.0
Move Me - Live___The Ghost Inside,1,1.0
A Las Dos de la Mañana - Remasterizado,0,0.0
Make It Stop (September's Children)___Rise Against,1,1.0
Moving Boxes___With Confidence,1,1.0
L'enfer,0,1.0
Entre Sueños - Remasterizado,0,0.0
At Doom's Gate___Mick Gordon,1,1.0
Stardust,0,0.0
Chapter 137.2 & Chapter 138.1 - Dolina strachu,0,0.0
Chapter 110 - The Unlit Lamp,0,0.0
Eyes Roll Back___Fit For A King,1,1.0
You're Next,0,0.0
Sobin Blue - Remasterizado,0,0.0
Capítulo 1.10 - Banquero Anarquista,0,0.0
Chapter 1.2 - Szkolne przygody Pimpusia Sadełko,0,0.0
'Tain't Nobody's Bizness If I Do,0,0.0
Kapitel 366 - Der Page und die Herzogin,0,0.0
Hypa Hypa___Electric Callboy,1,1.0
Tight Like This,0,0.0
Can't Take My Eyes off You___Muse,1,1.0
Chapter 2.8 - Król Maciuś na wyspie bezludnej,0,0.0
Canaro - Instrumental (Remasterizado),0,0.0
Glow___Being As An Ocean,1,1.0
Wash Woman Blues,0,0.0
Bijou - Remasterizado,0,0.0
Chapter 3.17 - Król Maciuś na wyspie bezludnej,0,0.0
Robbie Doby Boogie,0,0.0
Rope___40 Below Summer,1,1.0
Playing God___Paramore,1,1.0
Feel Like Home (feat. Styles of Beyond)___Fort Minor,1,1.0
Pobre Pecadora - Instrumental (Remasterizado),0,0.0
God Save the Queen,0,1.0
Demon King___Brand of Sacrifice,1,1.0
Irish Black Bottom,0,0.0
Stardust,0,0.0
Who Do You Know Here?___The Home Team,1,1.0
Hasta Luego - Instrumental (Remasterizado),0,0.0
No One Else But You,0,0.0
Home___Three Days Grace,1,1.0
El Ciruja - Remasterizado,0,0.0
Riverboat Shuffle,0,0.0
Chapter 74 - The Unlit Lamp,0,0.0
The Phantom Of The Opera___Nightwish,1,1.0
Chapter 10.13 - Król Maciuś Pierwszy,0,0.0
Sworn to Silence___Counterparts,1,1.0
El Hijo de Julián - Instrumental (Remasterizado),0,0.0
Kapitel 54 - Der Page und die Herzogin,0,0.0
Last Tango in Paris___Wristmeetrazor,1,1.0
Homesick and Lonesome Blues,0,0.0
Kinky Hair Is No Disgrace,0,0.0
Глава 5. Часть 2.3 - Кюхля,0,0.0
Talan Talan - Remasterizado,0,0.0
Don't Forget To Remeber,0,0.0
Kapitel 436 - Der Page und die Herzogin,0,0.0
DEMON(S)___Darkest Hour,1,1.0
Flor de lino,0,0.0
Tonight I Shall Sleep,0,0.0
Kapitel 55 - Der Page und die Herzogin,0,0.0
De Mil Amores - Remasterizado,0,0.0
Every Piece Matters___Plini,1,1.0
Ain't Got Rhythm___Phineas,1,1.0
Hunter’s Moon___Ghost,1,1.0
Azucena - Remasterizado,0,0.0
Kapitel 346 - Der Page und die Herzogin,0,0.0
Departure___Trivium,1,1.0
Don't Stay___Linkin Park,1,1.0
Nostalgia - Remasterizado,0,0.0
Cosmic Meltdown___King Mothership,1,1.0
Yo También Era Dichoso - Instrumental (Remasterizado),0,0.0
The Hell We Create___Fit For A King,1,1.0
Глава 8. Часть 2.5 - Кюхля,0,0.0
Kapitel 227 - Der Page und die Herzogin,0,0.0
Je ne suis pas bien portant,0,0.0
Discourse Is Dead___Architects,1,1.0
Jesús de la Salud,0,0.0
Fireworks,0,0.0
Tierra Mia - Remasterizado,0,0.0
My Immortal - Band Version___Evanescence,1,1.0
Skip the Gutter,0,0.0
Givin' Up___Emarosa,1,1.0
Elle Prend L'boulevard Magenta,0,0.0
Wherever You Are - Live,0,0.0
Alive___Bleed From Within,1,1.0
Lonesome in the Moonlight,0,0.0
Say Arabella - What's A Fella To Do,0,0.0
Capítulo 2.2 - Banquero Anarquista,0,0.0
Last Resort___Papa Roach,1,1.0
Chapter 4.14 - Król Maciuś Pierwszy,0,0.0
Gone___Knuckle Puck,1,1.0
Self-Made Black Hole___LANDMVRKS,1,1.0
I'm Not Rough,0,0.0
Kapitel 206 - Der Page und die Herzogin,0,0.0
Chapter 71.2 & Chapter 72.1 - Sprawy Sherlocka Holmesa,0,0.0
Train Whistle Blues,0,1.0
Hate Me___If I Were You,1,1.0
Blue Again,0,0.0
"Dance, Dance___Fall Out Boy",1,1.0
Les Garcon - Remasterizado,0,0.0
Shapeshifter___Bleed From Within,1,1.0
Innocence (Rerecorded)___Crystal Lake,1,1.0
Caminito - Remasterizado,0,0.0
The Death We Seek___Currents,1,1.0
Ay Ay Ay - Remasterizado,0,0.0
Chapter 4.2 - Król Maciuś Pierwszy,0,0.0
The Worst In Me___Bad Omens,1,1.0
Wings of Light___Battle Beast,1,1.0
This Is The Six___While She Sleeps,1,1.0
"Seria, Seriola - Remasterizado",0,0.0
Chapter 3.12 - Król Maciuś Pierwszy,0,0.0
Avantasia___Avantasia,1,1.0
Don't Lean on Me___The Amity Affliction,1,1.0
Kapitel 4 - Der Page und die Herzogin,0,0.0
Kapitel 284 - Der Page und die Herzogin,0,0.0
The News___Paramore,1,1.0
Chapter 148.2 & Chapter 149.1 - Sprawy Sherlocka Holmesa,0,0.0
Tight Like This,0,0.0
Paper Doll,0,0.0
Chapter 3.19 - Król Maciuś na wyspie bezludnej,0,0.0
"Save It, Pretty Mama",0,0.0
Future World___Helloween,1,1.0
Chapter 3.2 & Chapter 4.1 - Sprawy Sherlocka Holmesa,0,0.0
O Marenariello,0,0.0
Kapitel 317 - Der Page und die Herzogin,0,0.0
Chapter 20.2 & Chapter 21.1 - Dolina strachu,0,0.0
Chapter 185 - The Unlit Lamp,0,0.0
Bandoneón - Remasterizado,0,0.0
Who'sit,0,0.0
Carmen : Acte I - Que se passe-t-il donc là bas? (Choeur),0,0.0
Quem Canta,0,0.0
Chapter 197.2 & Chapter 198.1 - Sprawy Sherlocka Holmesa,0,0.0
Chapter 106 - The Unlit Lamp,0,0.0
I'm Gonna Gitcha,0,0.0
Obsession___Aviana,1,1.0
La Espera - Remasterizado,0,0.0
Fear Tomorrow___Fit For An Autopsy,1,1.0
Pa' Que Bronques - Instrumental (Remasterizado),0,0.0
Chapter 5.16 - Król Maciuś Pierwszy,0,0.0
Work House Blues,0,0.0
You're Not the Only Oyster In the Stew,0,0.0
Kapitel 130 - Der Page und die Herzogin,0,0.0
"Let Me Hear___Fear, and Loathing in Las Vegas",1,1.0
Arap Raksı,0,0.0
Carmen : Acte II - Entracte,0,0.0
Just Pretend___Bad Omens,1,1.0
Kapitel 58 - Der Page und die Herzogin,0,0.0
Pa Que Llorais - Remasterizado,0,0.0
Capítulo 1.13 - Banquero Anarquista,0,0.0
El Rebenque Fatal - Remasterizado,0,0.0
For the Sake of Days Gone By,0,0.0
Strength of the Mind___Killswitch Engage,1,1.0
Chicago Breakdown,0,0.0
Allegretto in A-Flat Major,0,0.0
Yen___Slipknot,1,1.0
Among My Souvenirs,0,0.0
Llora Tu Propio Dolor - Remasterizado,0,0.0
Violetita - Remasterizado,0,0.0
Fais Ça Pour Moi,0,0.0
Глава 3. Часть 2.10 - Кюхля,0,0.0
Make Your Own History___Stray From The Path,1,1.0
One Night In Monte Carlo,0,0.0
Chapter 202 - The Unlit Lamp,0,0.0
The Summit___Spiritbox,1,1.0
Freedom___Battle Beast,1,1.0
INTO THE DARK___Void Of Vision,1,1.0
Глава 8. Часть 2.7 - Кюхля,0,0.0
Capítulo 1.20 - Banquero Anarquista,0,0.0
Second Heartbeat___Avenged Sevenfold,1,1.0
Sweet Little Sister___Skid Row,1,1.0
O Balcone 'E Napule,0,0.0
Capítulo 2.13 - Banquero Anarquista,0,0.0
Hostage___Chelsea Grin,1,1.0
Sleight of Hand___Parkway Drive,1,1.0
My Blackbirds Are Bluebirds Now,0,0.0
Chapter 7.12 - Król Maciuś Pierwszy,0,0.0
Chapter 63.2 & Chapter 64.1 - Sprawy Sherlocka Holmesa,0,0.0
El Beso de la Muerte - Remasterizado,0,0.0
Rosetta,0,0.0
Yes! I'm in the Barrel,0,0.0
You Made Me Love You,0,0.0
Chapter 147 - The Unlit Lamp,0,0.0
Kapitel 386 - Der Page und die Herzogin,0,0.0
Horizons___Parkway Drive,1,1.0
Kapitel 329 - Der Page und die Herzogin,0,0.0
There'll Be Some Changes Made,0,0.0
Chapter 4.4 - Król Maciuś Pierwszy,0,0.0
Chapter 10.2 - Król Maciuś Pierwszy,0,0.0
El Moño Colorado - Remasterizado,0,0.0
Kapitel 70 - Der Page und die Herzogin,0,0.0
Road To Nowhere___Bullet For My Valentine,1,1.0
Chapter 212 - The Unlit Lamp,0,0.0
Chapter 127.2 & Chapter 128.1 - Sprawy Sherlocka Holmesa,0,0.0
Our Love Affair,0,0.0
From Monday On - Live,0,0.0
Chapter 28 - The Unlit Lamp,0,0.0
Kapitel 85 - Der Page und die Herzogin,0,0.0
Chapter 221.2 & Chapter 222.1 - Sprawy Sherlocka Holmesa,0,0.0
Chapter 1 & Chapter 2.1 - Sprawy Sherlocka Holmesa,0,0.0
Blood Eagle___Periphery,1,1.0
Lost in Echoes___Caskets,1,1.0
La Sombra de Milonguita - Instrumental (Remasterizado),0,0.0
J'ai Vendu Mon Âme,0,0.0
No Absolution (Remastered)___Thy Art Is Murder,1,1.0
New Dawn___Oceans Ate Alaska,1,1.0
Avalanche - Live___The Ghost Inside,1,1.0
Blood in the Sands of Time___Shadow of Intent,1,1.0
El Sonambulo - Remasterizado,0,0.0
Beadt Annak Bekhatry,0,0.0
Chapter 126.2 & Chapter 127.1 - Dolina strachu,0,0.0
Blind___Korn,1,1.0
In Another Life (feat. Courtney LaPlante)___Crown The Empire,1,1.0
Blood in the Ink___The Black Dahlia Murder,1,1.0
Cabecitas Locas - Instrumental (Remasterizado),0,0.0
Good Time Flat Blues,0,0.0
En Concreto,0,1.0
El Huerfano - Remasterizado,0,0.0
False Pretense___The Red Jumpsuit Apparatus,1,1.0
Iron Moon___Fit For An Autopsy,1,1.0
Zzyzx Rd.___Stone Sour,1,1.0
Tremor___Currents,1,1.0
Bajo Belgrano - Instrumental (Remasterizado),0,0.0
Глава 1.7 - Кюхля,0,0.0
Poison Prescribed As Medicine___Outline In Color,1,1.0
"Parsifal, WWV 111: The Flower Maidens - Excerpt",0,0.0
Hallelujah___Paramore,1,0.0
My Best Girl,0,0.0
Formidable - Instrumental (Remasterizado),0,0.0
Jump - 2015 Remaster___Van Halen,1,1.0
Martín Fierro - Remasterizado,0,0.0
"This Love, This Hate___Hollywood Undead",1,1.0
Cold in Hand Blues,0,0.0
Addicted___Simple Plan,1,1.0
Tequila Sunrise,0,1.0
Kapitel 265 - Der Page und die Herzogin,0,0.0
Chapter 135.2 & Chapter 136.1 - Sprawy Sherlocka Holmesa,0,0.0
Olympus Mons___Pete Cottrell,1,1.0
Stupid Girl___Cold,1,1.0
Fake Happy___Paramore,1,1.0
Глава 10. Часть 1.10 & Глава 10. Часть 2.1 - Кюхля,0,0.0
When Your Heroes Have All Gone,0,0.0
A Desert Throne___Septicflesh,1,1.0
Perfect Weapon___Black Veil Brides,1,1.0
Ernestine tu t'obstines,0,0.0
Don't Jive Me,0,0.0
"Ballade No. 1 in G Minor, Op. 23",0,0.0
Amadeo - Remasterizado,0,0.0
What'll I Do,0,0.0
Chapter 3.5 - Król Maciuś Pierwszy,0,0.0
Make Believe,0,0.0
"Nocturne F Minor, Op. 55, No. 1",0,0.0
Swing___Parkway Drive,1,1.0
Cloud Connected___In Flames,1,1.0
Kapitel 52 - Der Page und die Herzogin,0,0.0
Monsters___Currents,1,1.0
Today's Western___Outline In Color,1,1.0
Armor of Goddamn___Kublai Khan TX,1,1.0
Old Fashioned Girl,0,1.0
Muskrat Ramble,0,0.0
False Flag___Stray From The Path,1,1.0
Burial Plot___Dayseeker,1,1.0
Chapter 147.2 & Chapter 148.1 - Dolina strachu,0,0.0
Ghost in My Home___Point North,1,1.0
Глава 3. Часть 1.10 - Кюхля,0,0.0
Add A Little Wiggle,0,0.0
Haragán - Remasterizado,0,0.0
Seasons___DragonForce,1,1.0
Let's Dance,0,0.0
Kapitel 69 - Der Page und die Herzogin,0,0.0
Cannon Ball Blues (Take 2),0,0.0
Revive___The Devil Wears Prada,1,1.0
Compadrón - Remasterizado,0,0.0
Chapter 146 - The Unlit Lamp,0,0.0
Marie,0,0.0
Chapter 1.6 - Król Maciuś na wyspie bezludnej,0,0.0
